字,簡編本首讀音,字型預設,修法
扒,ㄅㄚ,ㄆㄚˊ,IVS
吧,ㄅㄚ,˙ㄅㄚ,IVS
峇,ㄅㄚ,ㄎㄜ,IVS
悖,ㄅㄛˊ,ㄅㄟˋ,缺
唄,ㄅㄞˋ,˙ㄅㄟ,IVS
埤,ㄅㄧˋ,ㄆㄧˊ,IVS
炮,ㄆㄠˊ,ㄆㄠˋ,IVS
刨,ㄆㄠˊ,ㄅㄠˋ,IVS
賁,ㄅㄧˋ,ㄅㄣ,IVS
傍,ㄅㄤˋ,ㄅㄤ,IVS
秘,ㄅㄧˋ,ㄇㄧˋ,IVS
杓,ㄅㄧㄠ,ㄕㄠˊ,IVS
朴,ㄆㄛˋ,ㄆㄨˊ,IVS
澎,ㄆㄥ,ㄆㄥˊ,IVS
匹,ㄆㄧˇ,ㄆㄧ,IVS
疋,ㄆㄧˇ,ㄕㄨ,缺
撇,ㄆㄧㄝ,ㄆㄧㄝˇ,IVS
漂,ㄆㄧㄠ,ㄆㄧㄠˋ,IVS
蘋,ㄆㄧㄣˊ,ㄆㄧㄥˊ,IVS
脯,ㄈㄨˇ,ㄆㄨˊ,IVS
麼,ㄇㄛˊ,˙ㄇㄜ,IVS
沒,ㄇㄛˋ,ㄇㄟˊ,IVS
繆,ㄇㄡˊ,ㄇㄧㄡˋ,IVS
悶,ㄇㄣˋ,ㄇㄣ,IVS
們,ㄇㄣˊ,˙ㄇㄣ,IVS
燜,ㄇㄣˋ,ㄇㄣ,IVS
氓,ㄇㄤˊ,ㄇㄥˊ,IVS
娩,ㄨㄢˇ,ㄇㄧㄢˇ,IVS
靦,ㄊㄧㄢˇ,ㄇㄧㄢˇ,IVS
澠,ㄇㄧㄣˇ,ㄕㄥˊ,IVS
坶,ㄇㄨˇ,ㄇㄨˋ,IVS
姥,ㄇㄨˇ,ㄌㄠˇ,IVS
菲,ㄈㄟˇ,ㄈㄟ,IVS
蜚,ㄈㄟˇ,ㄈㄟ,IVS
蕃,ㄈㄢˊ,ㄈㄢ,IVS
的,ㄉㄧˋ,˙ㄉㄜ,IVS
逮,ㄉㄞˋ,ㄉㄞˇ,IVS
倒,ㄉㄠˇ,ㄉㄠˋ,IVS
都,ㄉㄨ,ㄉㄡ,IVS
儋,ㄉㄢ,ㄉㄢˋ,IVS
翟,ㄓㄞˊ,ㄉㄧˊ,IVS
褶,ㄉㄧㄝˊ,ㄓㄜˊ,IVS
耵,ㄉㄧㄥˇ,ㄊㄧㄥ,IVS
囤,ㄉㄨㄣˋ,ㄊㄨㄣˊ,IVS
侗,ㄉㄨㄥˋ,ㄊㄨㄥˊ,IVS
恫,ㄊㄨㄥ,ㄉㄨㄥˋ,IVS
垌,ㄉㄨㄥˋ,ㄊㄨㄥˊ,IVS
躂,ㄉㄚ,ㄊㄚˋ,IVS
裼,ㄒㄧˊ,ㄊㄧˋ,IVS
帖,ㄊㄧㄝ,ㄊㄧㄝˇ,缺
挑,ㄊㄧㄠ,ㄊㄧㄠˇ,IVS
佻,ㄊㄧㄠˊ,ㄊㄧㄠ,IVS
鋌,ㄊㄧㄥˇ,ㄉㄧㄥˋ,IVS
衕,ㄊㄨㄥˊ,ㄊㄨㄥˋ,IVS
那,ㄋㄚ,ㄋㄚˋ,IVS
娜,ㄋㄨㄛˊ,ㄋㄚˋ,IVS
呢,ㄋㄧˊ,˙ㄋㄜ,IVS
拗,ㄠˋ,ㄋㄧㄡˋ,IVS
輾,ㄓㄢˇ,ㄋㄧㄢˇ,IVS
啦,ㄌㄚ,˙ㄌㄚ,IVS
邋,ㄌㄚ,ㄌㄚˊ,IVS
剌,ㄌㄚˋ,ㄌㄚˊ,IVS
咯,ㄎㄚˇ,˙ㄌㄛ,IVS
樂,ㄩㄝˋ,ㄌㄜˋ,IVS
了,ㄌㄧㄠˇ,˙ㄌㄜ,IVS
累,ㄌㄟˇ,ㄌㄟˋ,IVS
撈,ㄌㄠˊ,ㄌㄠ,IVS
潦,ㄌㄠˇ,ㄌㄧㄠˊ,IVS
摟,ㄌㄡˊ,ㄌㄡˇ,IVS
楞,ㄌㄥˊ,ㄌㄥˋ,IVS
哩,ㄌㄧ,ㄌㄧˇ,IVS
蠡,ㄌㄧˇ,ㄌㄧˊ,IVS
鬲,ㄍㄜˊ,ㄌㄧˋ,IVS
踉,ㄌㄧㄤˊ,ㄌㄧㄤˋ,IVS
量,ㄌㄧㄤˊ,ㄌㄧㄤˋ,IVS
掄,ㄌㄨㄣ,ㄌㄨㄣˊ,IVS
瀧,ㄌㄨㄥˊ,ㄕㄨㄤ,IVS
率,ㄕㄨㄞˋ,ㄌㄩˋ,IVS
軋,ㄧㄚˋ,ㄍㄚˊ,IVS
葛,ㄍㄜˊ,ㄍㄜˇ,IVS
給,ㄐㄧˇ,ㄍㄟˇ,IVS
鎬,ㄏㄠˋ,ㄍㄠˇ,IVS
乾,ㄑㄧㄢˊ,ㄍㄢ,IVS
扛,ㄍㄤ,ㄎㄤˊ,IVS
崗,ㄍㄤˇ,ㄍㄤ,IVS
更,ㄍㄥ,ㄍㄥˋ,IVS
鈷,ㄍㄨˇ,ㄍㄨ,IVS
呱,ㄍㄨ,ㄍㄨㄚ,IVS
嘏,ㄍㄨˇ,ㄐㄧㄚˇ,IVS
賈,ㄐㄧㄚˇ,ㄍㄨˇ,IVS
冠,ㄍㄨㄢ,ㄍㄨㄢˋ,IVS
檻,ㄐㄧㄢˋ,ㄎㄢˇ,IVS
吭,ㄏㄤˊ,ㄎㄥ,IVS
倥,ㄎㄨㄥˇ,ㄎㄨㄥ,IVS
嚇,ㄏㄜˋ,ㄒㄧㄚˋ,IVS
還,ㄏㄨㄢˊ,ㄏㄞˊ,IVS
嘩,ㄏㄨㄚ,ㄏㄨㄚˊ,IVS
矱,ㄏㄨㄛˋ,ㄨㄛˋ,IVS
徊,ㄏㄨㄞˊ,ㄏㄨㄟˊ,IVS
圜,ㄩㄢˊ,ㄏㄨㄢˊ,IVS
晃,ㄏㄨㄤˇ,ㄏㄨㄤˋ,IVS
吽,ㄏㄨㄥ,ㄡˊ,IVS
伽,ㄑㄧㄝˊ,ㄐㄧㄚ,IVS
頡,ㄒㄧㄝˊ,ㄐㄧㄝˊ,IVS
姊,ㄗˇ,ㄐㄧㄝˇ,IVS
沮,ㄐㄩ,ㄐㄩˇ,IVS
噱,ㄐㄩㄝˊ,ㄒㄩㄝ,IVS
切,ㄑㄧㄝˋ,ㄑㄧㄝ,IVS
翹,ㄑㄧㄠˊ,ㄑㄧㄠˋ,IVS
蹌,ㄑㄧㄤ,ㄑㄧㄤˋ,IVS
曲,ㄑㄩ,ㄑㄩˇ,IVS
闕,ㄑㄩㄝˋ,ㄑㄩㄝ,IVS
洒,ㄒㄧˇ,ㄙㄚˇ,IVS
渫,ㄒㄧㄝˋ,ㄉㄧㄝˊ,IVS
削,ㄒㄩㄝˋ,ㄒㄧㄠ,IVS
莘,ㄕㄣ,ㄒㄧㄣ,IVS
相,ㄒㄧㄤ,ㄒㄧㄤˋ,IVS
滎,ㄒㄧㄥˊ,ㄧㄥˊ,IVS
餳,ㄒㄧㄥˊ,ㄊㄤˊ,IVS
畜,ㄔㄨˋ,ㄒㄩˋ,IVS
壎,ㄒㄩㄣ,ㄒㄩㄢ,IVS
著,ㄓㄨˋ,˙ㄓㄜ,IVS
朝,ㄓㄠ,ㄔㄠˊ,IVS
爪,ㄓㄠˇ,ㄓㄨㄚˇ,IVS
占,ㄓㄢ,ㄓㄢˋ,IVS
椹,ㄓㄣ,ㄕㄣˋ,IVS
漲,ㄓㄤˋ,ㄓㄤˇ,IVS
藷,ㄓㄨ,ㄕㄨˇ,IVS
忪,ㄓㄨㄥ,ㄙㄨㄥ,IVS
杈,ㄔㄚ,ㄔㄚˋ,IVS
處,ㄔㄨˋ,ㄔㄨˇ,IVS
什,ㄕˊ,ㄕㄣˊ,IVS
莎,ㄙㄨㄛ,ㄕㄚ,IVS
畬,ㄩˊ,ㄕㄜ,IVS
紝,ㄖㄣˋ,ㄖㄣˊ,IVS
曾,ㄗㄥ,ㄘㄥˊ,IVS
鱒,ㄗㄨㄣ,ㄗㄨㄣˋ,IVS
噌,ㄘㄥ,ㄗㄥ,IVS
撒,ㄙㄚ,ㄙㄚˇ,IVS
塞,ㄙㄜˋ,ㄙㄞ,IVS
臊,ㄙㄠ,ㄙㄠˋ,IVS
阿,ㄜ,ㄚ,IVS
啊,ㄚ,˙ㄚ,IVS
喔,ㄨㄛˋ,ㄛ,IVS
哦,ㄜˊ,ㄛˊ,IVS
欸,ㄞˇ,ㄟˋ,IVS
台,ㄧˊ,ㄊㄞˊ,IVS
乂,ㄧˋ,ㄞˋ,IVS
奄,ㄧㄢˇ,ㄧㄢ,IVS
迕,ㄨˇ,ㄨˋ,IVS
鏞,ㄩㄥ,ㄩㄥˊ,IVS
