詞目,簡編本各讀音（主讀音在前）,字型目前顯示,目前狀態,建議,理由,各讀音釋義
本事,ㄅㄣˇ ㄕˋ / ㄅㄣˇ ˙ㄕ,ㄅㄣˇ ㄕˋ,目前顯示=第1讀音,維持（已是主讀音）,,ㄅㄣˇ ㄕˋ＝1.文學或戲曲作品中所依據的故事情節或原委。[例]這部電影的本事取材自奧運選手的成長過程，十分感人。 2.文學或戲曲作品 ‖ ㄅㄣˇ ˙ㄕ＝能力、本領。[例]成就任何事業都得靠真本事，不要心存僥倖。
辟邪,ㄅㄧˋ ㄒㄧㄝˊ / ㄆㄧˋ ㄒㄧㄝˊ,ㄅㄧˋ ㄒㄧㄝˊ,目前顯示=第1讀音,維持（已是主讀音）,,ㄅㄧˋ ㄒㄧㄝˊ＝辟，通「避」。辟邪，指避開邪惡。[例]傳說在端午節時，抹雄黃或喝雄黃酒可以驅魔辟邪。 ‖ ㄆㄧˋ ㄒㄧㄝˊ＝邪惡不正當。[例]淫亂辟邪、辟邪之人
便當,ㄅㄧㄢˋ ˙ㄉㄤ / ㄅㄧㄢˋ ㄉㄤ,ㄅㄧㄢˋ ㄉㄤ,目前顯示=第2讀音,維持 ㄅㄧㄢˋ ㄉㄤ,小學生用法＝飯盒,ㄅㄧㄢˋ ˙ㄉㄤ＝方便、便利。[例]這兒離市區很近，逛街購物很便當。 ‖ ㄅㄧㄢˋ ㄉㄤ＝飯盒。§日べんとう[例]素食便當
便宜,ㄆㄧㄢˊ ㄧˊ / ㄅㄧㄢˋ ㄧˊ,ㄅㄧㄢˋ ㄧˊ,目前顯示=第2讀音,改 ㄆㄧㄢˊ ㄧˊ,物價低廉，日常用法,ㄆㄧㄢˊ ㄧˊ＝1.物價低廉。[例]這件衣服的價錢真便宜。 2.不應該得到或額外的利益。[例]為人處世應盡責守分，不要想占人便宜。 ‖ ㄅㄧㄢˋ ㄧˊ＝方便合宜。[例]便宜行事
不好,ㄅㄨˋ ㄏㄠˇ / ㄅㄨˋ ㄏㄠˋ,ㄅㄨˋ ㄏㄠˇ,目前顯示=第1讀音,維持（已是主讀音）,,ㄅㄨˋ ㄏㄠˇ＝1.不佳、不良。[例]心情不好、收成不好、運氣不好_x000D_ 2.不便。[例]看他那麼堅持，我就不好多說了。 ‖ ㄅㄨˋ ㄏㄠˋ＝不喜愛。[例]不好名利
不勝,ㄅㄨˋ ㄕㄥ / ㄅㄨˋ ㄕㄥˋ,ㄅㄨˋ ㄕㄥˋ,目前顯示=第2讀音,改 ㄅㄨˋ ㄕㄥ,不勝枚舉／美不勝收；主讀音,ㄅㄨˋ ㄕㄥ＝1.承受不了。[例]不勝酒力、高處不勝寒 2.無限。形容程度極大。[例]美不勝收、不勝感激 ‖ ㄅㄨˋ ㄕㄥˋ＝不能擊敗敵人贏得勝利。[例]戰無不勝，攻無不克。
排頭,ㄆㄞˊ ㄊㄡˊ / ㄆㄞˊ ˙ㄊㄡ,ㄆㄞˊ ㄊㄡˊ,目前顯示=第1讀音,維持（已是主讀音）,,ㄆㄞˊ ㄊㄡˊ＝站在隊伍最前面的人。[例]他因個兒高，每次排隊老當排頭。 ‖ ㄆㄞˊ ˙ㄊㄡ＝苦頭、教訓。[例]他吃的排頭還不夠嗎？竟然還做同樣的事。
泡泡,ㄆㄠ ㄆㄠ / ㄆㄠˋ ㄆㄠˋ,ㄆㄠˋ ㄆㄠˋ,目前顯示=第2讀音,維持 ㄆㄠˋ ㄆㄠˋ,吹泡泡,ㄆㄠ ㄆㄠ＝形容物體寬大膨鬆。[例]泡泡褲、泡泡袖 ‖ ㄆㄠˋ ㄆㄠˋ＝氣泡、水泡或泡狀的東西。[例]吹泡泡、起泡泡、泡泡浴
悶氣,ㄇㄣˋ ㄑㄧˋ / ㄇㄣ ㄑㄧˋ,ㄇㄣ ㄑㄧˋ,目前顯示=第2讀音,改 ㄇㄣˋ ㄑㄧˋ,生悶氣；主讀音,ㄇㄣˋ ㄑㄧˋ＝鬱結在心中的怨憤之氣。[例]他懷著滿腔悶氣，卻無處傾訴。 ‖ ㄇㄣ ㄑㄧˋ＝暫停呼吸。[例]人們行經臭氣四溢的垃圾場，都閉口悶氣，加快腳步。
發悶,ㄈㄚ ㄇㄣ / ㄈㄚ ㄇㄣˋ,ㄈㄚ ㄇㄣ,目前顯示=第1讀音,維持（已是主讀音）,,ㄈㄚ ㄇㄣ＝氣壓低、天氣悶熱、空氣不流通。[例]發悶的天氣，令人易覺困乏。 ‖ ㄈㄚ ㄇㄣˋ＝感覺鬱悶、無聊。[例]這本書非常無趣，讀起來令人發悶。
分子,ㄈㄣ ㄗˇ / ㄈㄣˋ ㄗˇ / ㄈㄣˋ ˙ㄗ,ㄈㄣ ㄗˇ,目前顯示=第1讀音,維持（已是主讀音）,,ㄈㄣ ㄗˇ＝1.數學上指分數中在橫線上方的數字，如 1/3中的1。 2.物質中保持原物質的一切化學性質，能夠獨立存在的最小微粒，稱為 ‖ ㄈㄣˋ ㄗˇ＝構成整體的個體。[例]這個團體中的分子很複雜。 ‖ ㄈㄣˋ ˙ㄗ＝一個整體數目中，各人分攤的金額。常指婚喪喜慶的贈金。[例]大家決定湊分子，包個紅包給她作為結婚賀禮。
風頭,ㄈㄥ ㄊㄡˊ / ㄈㄥ ˙ㄊㄡ,ㄈㄥ ㄊㄡˊ,目前顯示=第1讀音,維持（已是主讀音）,,ㄈㄥ ㄊㄡˊ＝1.風勢強勁的地方。[例]山頂上風頭大，要小心站穩。 2.比喻情勢的發展。[例]咱們看著風頭說話，免得說錯話，得罪人了。 ‖ ㄈㄥ ˙ㄊㄡ＝活躍出色，引人注意的言行表現。[例]他在運動場上的風頭很健。
大汗,ㄉㄚˋ ㄏㄢˋ / ㄉㄚˋ ㄏㄢˊ,ㄉㄚˋ ㄏㄢˋ,目前顯示=第1讀音,維持（已是主讀音）,,ㄉㄚˋ ㄏㄢˋ＝形容汗流不停的樣子。[例]小男孩樓上樓下跑來跑去，弄得滿身大汗。 ‖ ㄉㄚˋ ㄏㄢˊ＝古代西域和北方各國對君王的稱呼。[例]成吉思汗是蒙古一族中有名的大汗。
大家,ㄉㄚˋ ㄐㄧㄚ / ㄉㄚˋ ㄍㄨ,ㄉㄚˋ ㄐㄧㄚ,目前顯示=第1讀音,維持（已是主讀音）,,ㄉㄚˋ ㄐㄧㄚ＝1.眾人。[例]大家好、大家一起來 2.世家望族。[例]大家閨秀、大家風範 3.著名的專家。[例]唐宋古文八大家  ‖ ㄉㄚˋ ㄍㄨ＝古時對女子的尊稱。[例]世稱漢代班昭為曹大家。
得了,ㄉㄜˊ ˙ㄌㄜ / ㄉㄜˊ ㄌㄧㄠˇ,ㄉㄜˊ ˙ㄌㄜ,目前顯示=第1讀音,維持（已是主讀音）,,ㄉㄜˊ ˙ㄌㄜ＝1.得到、獲得。[例]這次演講比賽小明得了第一名。 2.算了，表示制止。[例]得了，這件事你會幫忙才怪！ ‖ ㄉㄜˊ ㄌㄧㄠˇ＝了得。表示訝異的語氣。[例]他小小年紀，圍棋就下得這麼好，長大還得了。 
當頭,ㄉㄤ ㄊㄡˊ / ㄉㄤˋ ˙ㄊㄡ,ㄉㄤ ㄊㄡˊ,目前顯示=第1讀音,維持（已是主讀音）,,ㄉㄤ ㄊㄡˊ＝正值、正面臨。[例]國難當頭、當頭棒喝 ‖ ㄉㄤˋ ˙ㄊㄡ＝可以典押的東西。[例]他拿了些值錢的當頭去借錢應急。
等分,ㄉㄥˇ ㄈㄣˋ / ㄉㄥˇ ㄈㄣ,ㄉㄥˇ ㄈㄣ,目前顯示=第2讀音,改 ㄉㄥˇ ㄈㄣˋ,數學「三等分」名詞用法；主讀音,ㄉㄥˇ ㄈㄣˋ＝相同的分量。[例]請把這些水果分成三等分。 ‖ ㄉㄥˇ ㄈㄣ＝把一個整體平均分成若干部分。[例]要一刀等分一個水果，且作到分毫不差，幾乎是不可能的。
澄清,ㄔㄥˊ ㄑㄧㄥ / ㄉㄥˋ ㄑㄧㄥ,ㄔㄥˊ ㄑㄧㄥ,目前顯示=第1讀音,維持（已是主讀音）,,ㄔㄥˊ ㄑㄧㄥ＝1.清澈、清亮。[例]湖裡的水雖然澄清，但仍有些病菌，不可直接飲用。 2.把事情弄清楚明白。[例]澄清誤會  ‖ ㄉㄥˋ ㄑㄧㄥ＝經由過濾，將水中雜質沉澱，使其清澈。[例]明礬有殺菌及消毒的功效，可用來澄清水質。
地道,ㄉㄧˋ ㄉㄠˋ / ㄉㄧˋ ˙ㄉㄠ,ㄉㄧˋ ㄉㄠˋ,目前顯示=第1讀音,維持（已是主讀音）,,ㄉㄧˋ ㄉㄠˋ＝地下通道。[例]礦工得通過一條長長的地道才能採礦。 ‖ ㄉㄧˋ ˙ㄉㄠ＝真正的、正宗的。[例]地道貨 △道地
地下,ㄉㄧˋ ㄒㄧㄚˋ / ㄉㄧˋ ˙ㄒㄧㄚ,ㄉㄧˋ ㄒㄧㄚˋ,目前顯示=第1讀音,維持（已是主讀音）,,ㄉㄧˋ ㄒㄧㄚˋ＝1.地面下的。[例]地下道、地下水、地下資源_x000D_ 2.祕密、不公開的或不合法的。[例]地下舞廳、地下工廠、地下 ‖ ㄉㄧˋ ˙ㄒㄧㄚ＝地面上。[例]小朋友坐在地下，聽老師說故事。
調配,ㄊㄧㄠˊ ㄆㄟˋ / ㄉㄧㄠˋ ㄆㄟˋ,ㄊㄧㄠˊ ㄆㄟˋ,目前顯示=第1讀音,維持（已是主讀音）,,ㄊㄧㄠˊ ㄆㄟˋ＝調理配合。[例]酒保依照一定的比例，將數種酒調配成口味獨特的雞尾酒。 ‖ ㄉㄧㄠˋ ㄆㄟˋ＝調動分配。[例]主管打算把各單位的工作重新調配，以因應日趨繁重的業務。
肚子,ㄉㄨˋ ˙ㄗ / ㄉㄨˇ ˙ㄗ,ㄉㄨˋ ㄗˇ,目前顯示都不是,改 ㄉㄨˋ ˙ㄗ,腹部；目前兩字都不對,ㄉㄨˋ ˙ㄗ＝1.腹部的通稱。[例]他因為吃了不乾淨的東西，現在肚子正疼著呢！ 2.物體中圓而凸起像肚子的部分。[例]這隻酒瓶有個胖胖 ‖ ㄉㄨˇ ˙ㄗ＝料理食物時稱動物的胃為「肚子」。[例]羊肚子、牛肚子 △肚兒
度量,ㄉㄨˋ ㄌㄧㄤˋ / ㄉㄨㄛˋ ㄌㄧㄤˊ,ㄉㄨˋ ㄌㄧㄤˋ,目前顯示=第1讀音,維持（已是主讀音）,,ㄉㄨˋ ㄌㄧㄤˋ＝能包容他人的胸襟。[例]「宰相肚裡能撐船」，是形容一個人的度量很大。 ‖ ㄉㄨㄛˋ ㄌㄧㄤˊ＝測量、測度。[例]他心中一直度量著，該如何解決與同學之間的誤會。
對頭,ㄉㄨㄟˋ ㄊㄡˊ / ㄉㄨㄟˋ ˙ㄊㄡ,ㄉㄨㄟˋ ㄊㄡˊ,目前顯示=第1讀音,維持（已是主讀音）,,ㄉㄨㄟˋ ㄊㄡˊ＝1.正確。[例]只要方法對頭，事情很快就能解決了。 2.合得來。[例]他們從小就不對頭，現在也是。 ‖ ㄉㄨㄟˋ ˙ㄊㄡ＝仇敵、仇人。[例]死對頭、對頭冤家
東西,ㄉㄨㄥ ㄒㄧ / ㄉㄨㄥ ˙ㄒㄧ,ㄉㄨㄥ ㄒㄧ,目前顯示=第1讀音,維持（已是主讀音）,,ㄉㄨㄥ ㄒㄧ＝1.東方與西方。[例]東西文化交流 2.從東到西。[例]東西走向、東西橫貫公路 ‖ ㄉㄨㄥ ˙ㄒㄧ＝物品。[例]我習慣睡前把明天要用的各項東西先準備好，以免到時手忙腳亂。
體臭,ㄊㄧˇ ㄒㄧㄡˋ / ㄊㄧˇ ㄔㄡˋ,ㄊㄧˇ ㄔㄡˋ,目前顯示=第2讀音,維持 ㄊㄧˇ ㄔㄡˋ,難聞氣味，日常,ㄊㄧˇ ㄒㄧㄡˋ＝身體散發出的特殊氣味。[例]香妃因為有特殊的體臭，所以被乾隆封為「香妃」。 ‖ ㄊㄧˇ ㄔㄡˋ＝身體所發出的難聞氣味。[例]澈底做好清潔工作，是防止體臭的根本辦法。
挑空,ㄊㄧㄠ ㄎㄨㄥ / ㄊㄧㄠˇ ㄎㄨㄥ,ㄊㄧㄠˇ ㄎㄨㄥ,目前顯示=第2讀音,改 ㄊㄧㄠ ㄎㄨㄥ,建築用語；主讀音,ㄊㄧㄠ ㄎㄨㄥ＝建築物樓層與樓層之間的距離較高，可變化成樓中樓等格局。[例]這房子一經挑空設計，空間看起來大多了。 ‖ ㄊㄧㄠˇ ㄎㄨㄥ＝將物體某一部分挖空。通常用於陶藝、雕刻等藝術創作方面。[例]將這個花瓶的某些圖案挑空，整整花了他一星期的時間。
天道,ㄊㄧㄢ ㄉㄠˋ / ㄊㄧㄢ ˙ㄉㄠ,ㄊㄧㄢ ㄉㄠˋ,目前顯示=第1讀音,維持（已是主讀音）,,ㄊㄧㄢ ㄉㄠˋ＝天理、自然的法則。[例]天道輪迴 ‖ ㄊㄧㄢ ˙ㄉㄠ＝天氣、節候。[例]三伏天道
聽命,ㄊㄧㄥ ㄇㄧㄥˋ / ㄊㄧㄥˋ ㄇㄧㄥˋ,ㄊㄧㄥ ㄇㄧㄥˋ,目前顯示=第1讀音,維持（已是主讀音）,,ㄊㄧㄥ ㄇㄧㄥˋ＝聽從命令。[例]軍人講究百分之百的服從，只要是長官的指示，下屬就要聽命。 ‖ ㄊㄧㄥˋ ㄇㄧㄥˋ＝任憑天意及命運而自然發展。[例]凡事盡力去做就對了，能不能成功，只能聽命了。
同行,ㄊㄨㄥˊ ㄏㄤˊ / ㄊㄨㄥˊ ㄒㄧㄥˊ,ㄊㄨㄥˊ ㄒㄧㄥˊ,目前顯示=第2讀音,維持 ㄊㄨㄥˊ ㄒㄧㄥˊ,小學生語境＝一起走,ㄊㄨㄥˊ ㄏㄤˊ＝從事相同職業的人。[例]同行相嫉、同行是冤家 ‖ ㄊㄨㄥˊ ㄒㄧㄥˊ＝同道而走，結伴而行。[例]我們大夥相偕同行到阿里山看日出。
那般,ㄋㄚˇ ㄅㄢ / ㄋㄚˋ ㄅㄢ,ㄋㄚˋ ㄅㄢ,目前顯示=第2讀音,維持 ㄋㄚˋ ㄅㄢ,疑問用法今多寫「哪」,ㄋㄚˇ ㄅㄢ＝何故。[例]他這樣日夜不停拼命的工作，到底是為那般？ ‖ ㄋㄚˋ ㄅㄢ＝那樣。[例]都市的夜晚當然不如鄉下那般寧靜。
那裡,ㄋㄚˇ ㄌㄧˇ / ㄋㄚˋ ㄌㄧˇ,ㄋㄚˋ ㄌㄧˇ,目前顯示=第2讀音,維持 ㄋㄚˋ ㄌㄧˇ,同上,ㄋㄚˇ ㄌㄧˇ＝1.何處、何方。[例]我好像在那裡看過你。_x000D_ 2.如何、怎麼。[例]他才剛來臺北，那裡摸得清東西南北？_x0 ‖ ㄋㄚˋ ㄌㄧˇ＝彼處。[例]一大堆人聚在那裡，不知發生什麼事了？
那些,ㄋㄚˇ ㄒㄧㄝ / ㄋㄚˋ ㄒㄧㄝ,ㄋㄚˋ ㄒㄧㄝ,目前顯示=第2讀音,維持 ㄋㄚˋ ㄒㄧㄝ,同上,ㄋㄚˇ ㄒㄧㄝ＝詢問事物數量或種類的疑問詞。[例]這個星期你讀了那些書？ ‖ ㄋㄚˋ ㄒㄧㄝ＝說明事物的指示詞。[例]我們歡迎那些有理想的年輕人加入我們的行銷行列。
那樣,ㄋㄚˇ ㄧㄤˋ / ㄋㄚˋ ㄧㄤˋ,ㄋㄚˋ ㄧㄤˋ,目前顯示=第2讀音,維持 ㄋㄚˋ ㄧㄤˋ,同上,ㄋㄚˇ ㄧㄤˋ＝詢問事物的疑問詞。[例]我們量販店裡貨色齊全，你要那樣我們都有。 ‖ ㄋㄚˋ ㄧㄤˋ＝1.說明事物情勢、程度的指示詞。[例]這個消息還不確定，你何必急成那樣？ 2.那麼。[例]他會那樣做，也是為了你。
難兄難弟,ㄋㄢˊ ㄒㄩㄥ ㄋㄢˊ ㄉㄧˋ / ㄋㄢˋ ㄒㄩㄥ ㄋㄢˋ ㄉㄧˋ,ㄋㄢˊ ㄒㄩㄥ ㄋㄢˊ ㄉㄧˋ,目前顯示=第1讀音,維持（已是主讀音）,,ㄋㄢˊ ㄒㄩㄥ ㄋㄢˊ ㄉㄧˋ＝用以稱人兄弟才學品德均佳，難分高下。語本南朝宋．劉義慶《世說新語．德行》。[例]這對雙胞胎同時考上第一志願，是風靡全校的 ‖ ㄋㄢˋ ㄒㄩㄥ ㄋㄢˋ ㄉㄧˋ＝共患難或處於同樣困境的人。[例]當年我們在戰場上是同生共死的難兄難弟。
難處,ㄋㄢˊ ㄔㄨˇ / ㄋㄢˊ ㄔㄨˋ,ㄋㄢˊ ㄔㄨˇ,目前顯示=第1讀音,維持（已是主讀音）,,ㄋㄢˊ ㄔㄨˇ＝1.不容易處理。[例]這事極為難處，你要小心應付。 2.不容易相處。[例]脾氣不好的人很難處。 ‖ ㄋㄢˊ ㄔㄨˋ＝困難的地方、困境。[例]他會這麼做一定有他的難處，我們不要妄下定論。
落下,ㄌㄨㄛˋ ㄒㄧㄚˋ / ㄌㄠˋ ㄒㄧㄚˋ,ㄌㄨㄛˋ ㄒㄧㄚˋ,目前顯示=第1讀音,維持（已是主讀音）,,ㄌㄨㄛˋ ㄒㄧㄚˋ＝降落、掉落。[例]豆大的雨滴自天空紛紛落下，路上的行人不禁加快了腳步。 ‖ ㄌㄠˋ ㄒㄧㄚˋ＝剩下、留下。[例]他一生無惡不做，死後只落下一片罵名。
勵行,ㄌㄧˋ ㄒㄧㄥˊ / ㄌㄧˋ ㄒㄧㄥˋ,ㄌㄧˋ ㄒㄧㄥˊ,目前顯示=第1讀音,維持（已是主讀音）,,ㄌㄧˋ ㄒㄧㄥˊ＝努力認真的執行。[例]勵行新政 ‖ ㄌㄧˋ ㄒㄧㄥˋ＝砥勵品行。[例]敦品勵行
高中,ㄍㄠ ㄓㄨㄥ / ㄍㄠ ㄓㄨㄥˋ,ㄍㄠ ㄓㄨㄥ,目前顯示=第1讀音,維持（已是主讀音）,,ㄍㄠ ㄓㄨㄥ＝介於國民中學與大專院校之間的學校。招收國民中學畢業學生，培養學生研究高深學術及學習專門知識的基本能力，以奠定以後接受高等 ‖ ㄍㄠ ㄓㄨㄥˋ＝高分通過考試。[例]經過多年努力，他今年終於高中普考的榜首。
姑娘,ㄍㄨ ㄋㄧㄤˊ / ㄍㄨ ˙ㄋㄧㄤ,ㄍㄨ ㄋㄧㄤˊ,目前顯示=第1讀音,維持（已是主讀音）,,ㄍㄨ ㄋㄧㄤˊ＝大陸地區徐州、崇明、象山、南昌等地方言。指姑母。 ‖ ㄍㄨ ˙ㄋㄧㄤ＝未出嫁的年輕女子。[例]嫂嫂閒聊中，偶爾會談到當年她還是個姑娘時的點點滴滴。
乖乖,ㄍㄨㄞ ㄍㄨㄞ / ㄍㄨㄞ ˙ㄍㄨㄞ,ㄍㄨㄞ ㄍㄨㄞ,目前顯示=第1讀音,維持（已是主讀音）,,ㄍㄨㄞ ㄍㄨㄞ＝1.安靜、順從。_x000D_ 2.表親暱的稱呼。_x000D_  ‖ ㄍㄨㄞ ˙ㄍㄨㄞ＝助詞。表示驚嘆。[例]乖乖！這師傅的手藝還真不賴！
工夫,ㄍㄨㄥ ㄈㄨ / ㄍㄨㄥ ˙ㄈㄨ,ㄍㄨㄥ ㄈㄨ,目前顯示=第1讀音,維持（已是主讀音）,,ㄍㄨㄥ ㄈㄨ＝古時修築工程的人。[例]秦始皇徵調了數以萬計的工夫，修築萬里長城。 ‖ ㄍㄨㄥ ˙ㄈㄨ＝1.時間。[例]有什麼事就快說吧！我可沒工夫聽你閒扯。 2.本領、用功致力的程度。[例]只要工夫深，鐵杵也能磨成繡花針。
功夫,ㄍㄨㄥ ㄈㄨ / ㄍㄨㄥ ˙ㄈㄨ,ㄍㄨㄥ ㄈㄨ,目前顯示=第1讀音,維持（已是主讀音）,,ㄍㄨㄥ ㄈㄨ＝武術。[例]功夫演員 ‖ ㄍㄨㄥ ˙ㄈㄨ＝1.本領、造詣。[例]他在國畫方面的功夫很了不得。 2.時間、精力。[例]他花了很大的功夫才說服父母讓他去露營。 
公道,ㄍㄨㄥ ㄉㄠˋ / ㄍㄨㄥ ˙ㄉㄠ,ㄍㄨㄥ ㄉㄠˋ,目前顯示=第1讀音,維持（已是主讀音）,,ㄍㄨㄥ ㄉㄠˋ＝1.正道。[例]這件事只有您能主持公道，請您務必要出面。 2.公有道路。[例]這裡是公道，請不要隨意停車好嗎？ ‖ ㄍㄨㄥ ˙ㄉㄠ＝公平合理。[例]這家商店賣的東西價錢公道，童叟無欺。
公差,ㄍㄨㄥ ㄔㄞ / ㄍㄨㄥ ㄔㄚ,ㄍㄨㄥ ㄔㄚ,目前顯示=第2讀音,維持 ㄍㄨㄥ ㄔㄚ,教育平台以數學用法為主,ㄍㄨㄥ ㄔㄞ＝公務上的差使。[例]他即將到南部出公差一個月。 ‖ ㄍㄨㄥ ㄔㄚ＝數學上指等差級數相鄰兩項的差永遠相等。此相等的差稱為「公差」。如等差級數2、4、 6、 8等的公差為2。
看看,ㄎㄢˋ ㄎㄢˋ / ㄎㄢˋ ˙ㄎㄢ,ㄎㄢˋ ㄎㄢˋ,目前顯示=第1讀音,維持（已是主讀音）,,ㄎㄢˋ ㄎㄢˋ＝1.觀察判斷。[例]這件事很棘手，看看情況再說吧！ 2.觀賞。[例]有空的時候到郊外去看看風景，呼吸一下新鮮空氣，有益身 ‖ ㄎㄢˋ ˙ㄎㄢ＝1.估量時間之詞。[例]她看看天色已晚，連忙趕路回家。 2.暫且試試。[例]這道菜保證色香味俱全，不信你嚐看看。
空檔,ㄎㄨㄥ ㄉㄤˇ / ㄎㄨㄥˋ ㄉㄤˇ,ㄎㄨㄥ ㄉㄤˇ,目前顯示=第1讀音,維持（已是主讀音）,,ㄎㄨㄥ ㄉㄤˇ＝汽車停駛時，齒輪停在不轉動位置。[例]他誤把一檔打成空檔，車子無法開動。 ‖ ㄎㄨㄥˋ ㄉㄤˇ＝1.事物輪替時的間隔時間。[例]老師利用下課時的空檔，和同學閒話家常。 2.空閒的時間。[例]爸爸今天終於騰出點空檔來整
孩兒,ㄏㄞˊ ㄦˊ / ㄏㄞˊ ㄦ,ㄏㄞˊ ㄦˊ,目前顯示=第1讀音,維持（已是主讀音）,,ㄏㄞˊ ㄦˊ＝兒女對父母，或晚輩對長輩的自稱之詞。[例]今兒個是母親六十大壽，孩兒恭祝母親福如東海，壽比南山。 ‖ ㄏㄞˊ ㄦ＝1.泛稱幼兒。[例]這孩兒年紀雖小，卻滿腦子鬼靈精，做什麼事都精打細算，絕不吃虧。 2.父母對兒女，或長輩對晚輩的稱呼。
好學,ㄏㄠˇ ㄒㄩㄝˊ / ㄏㄠˋ ㄒㄩㄝˊ,ㄏㄠˇ ㄒㄩㄝˊ,目前顯示=第1讀音,維持（已是主讀音）,,ㄏㄠˇ ㄒㄩㄝˊ＝容易學習。[例]玩飛盤的技巧簡單好學，但要掌控自如仍需不斷的練習。 ‖ ㄏㄠˋ ㄒㄩㄝˊ＝喜歡學習。[例]由於好學不倦，如今他在學術研究上已卓然有成。
好吃,ㄏㄠˇ ㄔ / ㄏㄠˋ ㄔ,ㄏㄠˇ ㄔ,目前顯示=第1讀音,維持（已是主讀音）,,ㄏㄠˇ ㄔ＝美味可口。[例]遍嚐天下美食，他還是覺得家鄉菜最好吃。 ‖ ㄏㄠˋ ㄔ＝愛吃、嘴饞。[例]小孩子因好吃糖果而弄得滿嘴蛀牙。
好事,ㄏㄠˇ ㄕˋ / ㄏㄠˋ ㄕˋ,ㄏㄠˇ ㄕˋ,目前顯示=第1讀音,維持（已是主讀音）,,ㄏㄠˇ ㄕˋ＝1.喜慶的事。[例]他最近先是高昇，後又結婚，接著又中了大獎，真是好事不斷。 2.善事。[例]你就當是做好事，幫幫他吧！ ‖ ㄏㄠˋ ㄕˋ＝喜歡多管閒事，或引起事端。[例]這本來只是小糾紛，卻被好事者渲染成了大新聞。
好玩,ㄏㄠˇ ㄨㄢˊ / ㄏㄠˋ ㄨㄢˊ,ㄏㄠˇ ㄨㄢˊ,目前顯示=第1讀音,維持（已是主讀音）,,ㄏㄠˇ ㄨㄢˊ＝玩起來有趣。[例]踢毽子，不但好玩，而且有益健康。 ‖ ㄏㄠˋ ㄨㄢˊ＝喜歡玩樂。[例]他雖然有些好玩，不過功課還不錯。
橫行,ㄏㄥˊ ㄒㄧㄥˊ / ㄏㄥˋ ㄒㄧㄥˊ,ㄏㄥˊ ㄒㄧㄥˊ,目前顯示=第1讀音,維持（已是主讀音）,,ㄏㄥˊ ㄒㄧㄥˊ＝1.縱橫馳騁。[例]橫行無阻_x000D_ 2.橫向排列。[例]坊間的橫式招牌，多半由左到右橫行書寫。_x000D_  ‖ ㄏㄥˋ ㄒㄧㄥˊ＝形容行為蠻橫，不講道理。[例]橫行霸道
呼號,ㄏㄨ ㄏㄠˊ / ㄏㄨ ㄏㄠˋ,ㄏㄨ ㄏㄠˋ,目前顯示=第2讀音,改 ㄏㄨ ㄏㄠˊ,大聲哭喊；主讀音,ㄏㄨ ㄏㄠˊ＝大聲哭喊。[例]當空難消息證實後，罹難者家屬呼號不斷，悲不能已。 ‖ ㄏㄨ ㄏㄠˋ＝以一組字母、數字、或任何文字及發音詞的組合，識別一個通信設施、指揮所、機關，或部隊者，稱為「呼號」。主要用途為建立及保持
計量,ㄐㄧˋ ㄌㄧㄤˊ / ㄐㄧˋ ㄌㄧㄤˋ,ㄐㄧˋ ㄌㄧㄤˋ,目前顯示=第2讀音,改 ㄐㄧˋ ㄌㄧㄤˊ,計算度量；主讀音（不確定，請拍板）,ㄐㄧˋ ㄌㄧㄤˊ＝計算度量。[例]現代進步的科技已能計量海水總體積。 ‖ ㄐㄧˋ ㄌㄧㄤˋ＝計算數量。[例]望著無法計量的滿天星斗，讓我消減了些許孤寂感。
結實,ㄐㄧㄝˊ ㄕˊ / ㄐㄧㄝ ˙ㄕ,ㄐㄧㄝˊ ㄕˊ,目前顯示=第1讀音,維持（已是主讀音）,,ㄐㄧㄝˊ ㄕˊ＝植物結成果實或種子。[例]結實纍纍 ‖ ㄐㄧㄝ ˙ㄕ＝1.堅固、堅實。[例]這種木頭堅韌結實，常被用作木屋的梁柱。_x000D_ 2.強健。[例]他長期舉重，因此鍛鍊出一身結
降服,ㄐㄧㄤˋ ㄈㄨˊ / ㄒㄧㄤˊ ㄈㄨˊ,ㄐㄧㄤˋ ㄈㄨˊ,目前顯示=第1讀音,維持（已是主讀音）,,ㄐㄧㄤˋ ㄈㄨˊ＝古代指喪服降低一等為「降服」。如子女為父母服三年之喪，若已過繼給他人或出嫁，則對於親生父母只服一年之喪，即屬「降服」。[ ‖ ㄒㄧㄤˊ ㄈㄨˊ＝1.投降、屈服。[例]他們精湛的舞技，讓前來踢館的幾支隊伍無不降服。 2.制服、使服從。[例]精忠報國的岳飛，精通兵法，
妻子,ㄑㄧ ˙ㄗ / ㄑㄧ ㄗˇ,ㄑㄧ ㄗˇ,目前顯示=第2讀音,改 ㄑㄧ ˙ㄗ,配偶，日常,ㄑㄧ ˙ㄗ＝稱男子的配偶。[例]他和妻子之間相敬如賓，甚少有口角發生。 ‖ ㄑㄧ ㄗˇ＝妻與兒女。[例]他與妻子四人常利用假日到郊外踏青。
棄養,ㄑㄧˋ ㄧㄤˇ / ㄑㄧˋ ㄧㄤˋ,ㄑㄧˋ ㄧㄤˇ,目前顯示=第1讀音,維持（已是主讀音）,,ㄑㄧˋ ㄧㄤˇ＝指遺棄而不再扶養或飼養。[例]飼主隨意棄養寵物，不僅缺乏公德心，還可能對生態環境造成影響。 ‖ ㄑㄧˋ ㄧㄤˋ＝父母逝世，子女不得奉養。亦泛指長者死亡。[例]祖父母雖已棄養多年，父親還是不忘天天祭拜他們。
切口,ㄑㄧㄝ ㄎㄡˇ / ㄑㄧㄝˋ ㄎㄡˇ,ㄑㄧㄝ ㄎㄡˇ,目前顯示=第1讀音,維持（已是主讀音）,,ㄑㄧㄝ ㄎㄡˇ＝以刀刃或鋒利物在物體上形成的切割口。[例]進行外科手術時，會先決定切口的位置。  ‖ ㄑㄧㄝˋ ㄎㄡˇ＝祕密幫會或各行業中特用的隱語。[例]江湖中人常以切口傳遞祕密消息，不是平常人所能了解的。
強辯,ㄑㄧㄤˊ ㄅㄧㄢˋ / ㄑㄧㄤˇ ㄅㄧㄢˋ,ㄑㄧㄤˊ ㄅㄧㄢˋ,目前顯示=第1讀音,維持（已是主讀音）,,ㄑㄧㄤˊ ㄅㄧㄢˋ＝有力的辯論。[例]這場辯論賽，對方的結辯理由充足，條理明暢，確是強辯。 ‖ ㄑㄧㄤˇ ㄅㄧㄢˋ＝理由不足，卻強為辯解。[例]只要是我的錯，我絕不強辯。
強記,ㄑㄧㄤˊ ㄐㄧˋ / ㄑㄧㄤˇ ㄐㄧˋ,ㄑㄧㄤˊ ㄐㄧˋ,目前顯示=第1讀音,維持（已是主讀音）,,ㄑㄧㄤˊ ㄐㄧˋ＝記憶力特強。[例]博聞強記 ‖ ㄑㄧㄤˇ ㄐㄧˋ＝勉強記住。[例]讀書要透澈理解，強記卻不能活用，再多的知識也無益。
傾倒,ㄑㄧㄥ ㄉㄠˇ / ㄑㄧㄥ ㄉㄠˋ,ㄑㄧㄥ ㄉㄠˋ,目前顯示=第2讀音,維持 ㄑㄧㄥ ㄉㄠˋ,傾倒垃圾較常見（不確定，請拍板）,ㄑㄧㄥ ㄉㄠˇ＝1.倒塌。[例]由於施工不當，屋牆突然傾倒。 2.十分讚賞、愛慕或佩服。[例]她風華絕代，任誰見了都會傾倒。 ‖ ㄑㄧㄥ ㄉㄠˋ＝全部倒出。[例]許多人缺乏公德心，隨處傾倒垃圾，造成環境汙染。 ◎
悉數,ㄒㄧ ㄕㄨˇ / ㄒㄧ ㄕㄨˋ,ㄒㄧ ㄕㄨˋ,目前顯示=第2讀音,維持 ㄒㄧ ㄕㄨˋ,全數,ㄒㄧ ㄕㄨˇ＝一一列舉細說。[例]每件收藏品他都能悉數它們的來歷。 ‖ ㄒㄧ ㄕㄨˋ＝全數、全部。[例]此次義賣所得將悉數捐贈慈善機構作救濟貧苦的基金。
下水,ㄒㄧㄚˋ ㄕㄨㄟˇ / ㄒㄧㄚˋ ˙ㄕㄨㄟ,ㄒㄧㄚˋ ㄕㄨㄟˇ,目前顯示=第1讀音,維持（已是主讀音）,,ㄒㄧㄚˋ ㄕㄨㄟˇ＝1.入水。[例]她實在鼓不起勇氣下水游泳。 2.將新建造完成的船舶從船臺、船塢等建造區域，初次移至水域的過程。[例]這艘 ‖ ㄒㄧㄚˋ ˙ㄕㄨㄟ＝雞、鴨的內臟。[例]下水湯
小子,ㄒㄧㄠˇ ㄗˇ / ㄒㄧㄠˇ ˙ㄗ,ㄒㄧㄠˇ ㄗˇ,目前顯示=第1讀音,維持（已是主讀音）,,ㄒㄧㄠˇ ㄗˇ＝1.對年幼者的稱呼。[例]子在陳曰：「歸與！歸與！吾黨之小子狂簡，斐然成章，不知所以裁之。」（《論語．公冶長》） 2.晚 ‖ ㄒㄧㄠˇ ˙ㄗ＝1.男孩子。[例]胖小子_x000D_ 2.對人輕慢或戲謔的稱呼。[例]傻小子、愣小子
限量,ㄒㄧㄢˋ ㄌㄧㄤˊ / ㄒㄧㄢˋ ㄌㄧㄤˋ,ㄒㄧㄢˋ ㄌㄧㄤˋ,目前顯示=第2讀音,維持 ㄒㄧㄢˋ ㄌㄧㄤˋ,限量供應,ㄒㄧㄢˋ ㄌㄧㄤˊ＝有固定範圍，可以估量。[例]他天資高又肯努力，前途無可限量。 ‖ ㄒㄧㄢˋ ㄌㄧㄤˋ＝數量有所限制的。[例]特價期間，廠商往往以限量供應作為促銷方法。
心思,ㄒㄧㄣ ㄙ / ㄒㄧㄣ ˙ㄙ,ㄒㄧㄣ ㄙ,目前顯示=第1讀音,維持（已是主讀音）,,ㄒㄧㄣ ㄙ＝精神、思慮。[例]為了辦好這次慈善義賣會，主辦人挖空心思籌劃。 ‖ ㄒㄧㄣ ˙ㄙ＝1.心機、想法。[例]他這麼做到底存的是什麼心思？ 2.心情、興致。[例]許多事情都還沒做完，他怎麼會有心思去玩呢？ 
相親,ㄒㄧㄤ ㄑㄧㄣ / ㄒㄧㄤˋ ㄑㄧㄣ,ㄒㄧㄤˋ ㄑㄧㄣ,目前顯示=第2讀音,維持 ㄒㄧㄤˋ ㄑㄧㄣ,日常用法,ㄒㄧㄤ ㄑㄧㄣ＝互相親密、親近。[例]我們彼此雖相隔兩地，但大家的心卻是彼此相繫、相親的。 ‖ ㄒㄧㄤˋ ㄑㄧㄣ＝透過安排，雙方以結婚為前提的初次會面。[例]爺爺奶奶是透過相親認識的。
相稱,ㄒㄧㄤ ㄔㄥˋ / ㄒㄧㄤ ㄔㄥ,ㄒㄧㄤˋ ㄔㄥ,目前顯示都不是,改 ㄒㄧㄤ ㄔㄥˋ,配合恰當；目前兩字都不對,ㄒㄧㄤ ㄔㄥˋ＝事物配合得恰當、合適。[例]他的能力和所擔任的職務十分相稱。 ‖ ㄒㄧㄤ ㄔㄥ＝互相稱呼。[例]她們兩人感情極好，彼此以姊妹相稱。
星星,ㄒㄧㄥ ㄒㄧㄥ / ㄒㄧㄥ ˙ㄒㄧㄥ,ㄒㄧㄥ ㄒㄧㄥ,目前顯示=第1讀音,維持（已是主讀音）,,ㄒㄧㄥ ㄒㄧㄥ＝1.頭髮花白的樣子。[例]經過歲月的洗禮，昔日英姿煥發的年輕人，如今已是兩鬢星星，滿頭華髮了。 2.形容零星細小。[例] ‖ ㄒㄧㄥ ˙ㄒㄧㄥ＝泛稱夜空中發光的星體。[例]長煙一空，萬里無雲，滿天的星星閃耀著清輝。
興起,ㄒㄧㄥ ㄑㄧˇ / ㄒㄧㄥˋ ㄑㄧˇ,ㄒㄧㄥ ㄑㄧˇ,目前顯示=第1讀音,維持（已是主讀音）,,ㄒㄧㄥ ㄑㄧˇ＝開始逐漸發展。[例]目前飲食界正興起一股銷售健康食品的潮流。 ‖ ㄒㄧㄥˋ ㄑㄧˇ＝產生興趣。[例]做事只憑一時興起而無法持之以恆，是難以有所成就的。
省事,ㄒㄧㄥˇ ㄕˋ / ㄕㄥˇ ㄕˋ,ㄕㄥˇ ㄕˋ,目前顯示=第2讀音,維持 ㄕㄥˇ ㄕˋ,減省手續,ㄒㄧㄥˇ ㄕˋ＝處理政務。[例]總統年事已高，任期屆滿後將不再繼續省事問政。 ‖ ㄕㄥˇ ㄕˋ＝減省辦事的手續。[例]使用免洗餐具雖然省事，卻造成了環境汙染。
褶子,ㄒㄩㄝˊ ˙ㄗ / ㄓㄜˊ ˙ㄗ,ㄓㄜˊ ㄗˇ,目前顯示都不是,改 ㄓㄜˊ ˙ㄗ,衣服紋路，日常；目前「子」不對,ㄒㄩㄝˊ ˙ㄗ＝古代男子穿的長袍。後常指傳統戲裝中的一種便服。 ‖ ㄓㄜˊ ˙ㄗ＝1.衣服折疊後固定而成的紋路。[例]這件裙子有很多褶子。_x000D_ 2.衣服折疊的痕跡。[例]他每天用熨斗把襯衫上的
暖暖,ㄋㄨㄢˇ ㄋㄨㄢˇ / ㄒㄩㄢ ㄒㄩㄢ,ㄋㄨㄢˇ ㄋㄨㄢˇ,目前顯示=第1讀音,維持（已是主讀音）,,ㄋㄨㄢˇ ㄋㄨㄢˇ＝地名，位於基隆。 ‖ ㄒㄩㄢ ㄒㄩㄢ＝柔順的樣子。[例]暖暖姝姝
兄弟,ㄒㄩㄥ ㄉㄧˋ / ㄒㄩㄥ ˙ㄉㄧ,ㄒㄩㄥ ㄉㄧˋ,目前顯示=第1讀音,維持（已是主讀音）,,ㄒㄩㄥ ㄉㄧˋ＝1.男子同胞先出生的為兄，後出生的為弟。[例]他們兄弟從小都是由外婆撫養長大的。 2.泛指意氣相投的男性之間的朋友。[例 ‖ ㄒㄩㄥ ˙ㄉㄧ＝男子自謙之詞。[例]兄弟今天能有這個地位，全靠大家幫忙。
正當,ㄓㄥˋ ㄉㄤ / ㄓㄥˋ ㄉㄤˋ,ㄓㄥˋ ㄉㄤ,目前顯示=第1讀音,維持（已是主讀音）,,ㄓㄥˋ ㄉㄤ＝正值、適逢。[例]正當我等得不耐煩之際，他才突然出現。 ‖ ㄓㄥˋ ㄉㄤˋ＝合理的、正確的。[例]從事休閒活動要選擇正當的娛樂場所。
準頭,ㄓㄨㄣˇ ㄊㄡˊ / ㄓㄨㄣˇ ˙ㄊㄡ,ㄓㄨㄣˇ ㄊㄡˊ,目前顯示=第1讀音,維持（已是主讀音）,,ㄓㄨㄣˇ ㄊㄡˊ＝鼻頭。相術上稱鼻子下部隆起的部位為「準頭」。[例]命相家認為鼻梁高挺，準頭渾圓有肉是富貴的象徵。 ‖ ㄓㄨㄣˇ ˙ㄊㄡ＝準確性、準確度。[例]他投籃挺有準頭的，幾乎每投必進。
莊家,ㄓㄨㄤ ㄐㄧㄚ / ㄓㄨㄤ ˙ㄐㄧㄚ,ㄓㄨㄤ ㄐㄧㄚ,目前顯示=第1讀音,維持（已是主讀音）,,ㄓㄨㄤ ㄐㄧㄚ＝農家、農民。[例]在這僻靜的山谷裡，散落著幾戶莊家。  ‖ ㄓㄨㄤ ˙ㄐㄧㄚ＝1.賭博時輪流做主發牌的人。[例]發牌時不作弊，是莊家應遵守的基本原則。 2.設立賭局或借貸錢物供人賭博，而從中獲取利益
重犯,ㄓㄨㄥˋ ㄈㄢˋ / ㄔㄨㄥˊ ㄈㄢˋ,ㄓㄨㄥˋ ㄈㄢˋ,目前顯示=第1讀音,維持（已是主讀音）,,ㄓㄨㄥˋ ㄈㄢˋ＝罪刑重大的犯人。[例]為了防範重犯越獄，獄方已做好萬全的防備。 ‖ ㄔㄨㄥˊ ㄈㄢˋ＝重複做出同樣的錯誤。[例]假釋出獄不久，沒想到他又重犯傷害罪，再度入獄。
臭味相投,ㄔㄡˋ ㄨㄟˋ ㄒㄧㄤ ㄊㄡˊ / ㄒㄧㄡˋ ㄨㄟˋ ㄒㄧㄤ ㄊㄡˊ,ㄔㄡˋ ㄨㄟˋ ㄒㄧㄤˋ ㄊㄡˊ,目前顯示都不是,改 ㄔㄡˋ ㄨㄟˋ ㄒㄧㄤ ㄊㄡˊ,主讀音；目前「相」不對,ㄔㄡˋ ㄨㄟˋ ㄒㄧㄤ ㄊㄡˊ＝譏諷人因不良的興趣或習性相同而合得來。[例]他們都愛賭博，因此臭味相投，往來十分密切。 ‖ ㄒㄧㄡˋ ㄨㄟˋ ㄒㄧㄤ ㄊㄡˊ＝雙方因志趣、習性相同而投合。[例]他們兩個人都喜歡晨泳，臭味相投的成了好友。
出處,ㄔㄨ ㄔㄨˇ / ㄔㄨ ㄔㄨˋ,ㄔㄨ ㄔㄨˇ,目前顯示=第1讀音,維持（已是主讀音）,,ㄔㄨ ㄔㄨˇ＝出仕和隱退。語本《易經．繫辭上》。[例]偉大的政治家總是以促進國家利益、提高民眾福祉為奮鬥目標，至於自己的出處進退則從不 ‖ ㄔㄨ ㄔㄨˋ＝典故文詞等的來源、根據。[例]引用文獻資料，務必注明出處。
手卷,ㄕㄡˇ ㄐㄩㄢˋ / ㄕㄡˇ ㄐㄩㄢˇ,ㄕㄡˇ ㄐㄩㄢˋ,目前顯示=第1讀音,維持（已是主讀音）,,ㄕㄡˇ ㄐㄩㄢˋ＝書畫橫幅之類的長卷。因便於用手舒展或收藏，故稱為「手卷」。[例]這幅描繪江南風光的手卷是張大師的得意作品。 ‖ ㄕㄡˇ ㄐㄩㄢˇ＝一種以海苔包裹蘆筍、蝦子、柴魚、芝麻、沙拉等，捲成圓錐狀的日本料理。[例]小弟弟一口氣吃了五份手卷，還意猶未盡。
生意,ㄕㄥ ㄧˋ / ㄕㄥ ˙ㄧ,ㄕㄥ ㄧˋ,目前顯示=第1讀音,維持（已是主讀音）,,ㄕㄥ ㄧˋ＝生命力、生長的活力。[例]春雨滋長萬物，使大地顯得生意盎然。 ‖ ㄕㄥ ˙ㄧ＝商人之間的交易、買賣。[例]他因為做生意失敗而負債累累。
睡覺,ㄕㄨㄟˋ ㄐㄧㄠˋ / ㄕㄨㄟˋ ㄐㄩㄝˊ,ㄕㄨㄟˋ ㄐㄩㄝˊ,目前顯示=第2讀音,改 ㄕㄨㄟˋ ㄐㄧㄠˋ,目前 ㄐㄩㄝˊ 是古義「睡醒」，必改,ㄕㄨㄟˋ ㄐㄧㄠˋ＝閉上眼睛進入睡眠狀態。[例]時候不早了，大家趕快去睡覺吧！ ‖ ㄕㄨㄟˋ ㄐㄩㄝˊ＝睡醒。[例]雲髻半偏新睡覺，花冠不整下堂來。（唐．白居易〈長恨歌〉）
人家,ㄖㄣˊ ㄐㄧㄚ / ㄖㄣˊ ˙ㄐㄧㄚ,ㄖㄣˊ ㄐㄧㄚ,目前顯示=第1讀音,維持（已是主讀音）,,ㄖㄣˊ ㄐㄧㄚ＝1.民宅、民家。[例]山腰上有幾戶人家，以種茶為業。_x000D_ 2.門第、家世。[例]富貴人家、清白人家_x000D ‖ ㄖㄣˊ ˙ㄐㄧㄚ＝1.稱呼他人。[例]老師指著我說：「人家早就來了，就你一個人遲到。」_x000D_ 2.我。自稱詞，指自己。多有親暱或俏
字號,ㄗˋ ㄏㄠˋ / ㄗˋ ˙ㄏㄠ,ㄗˋ ㄏㄠˋ,目前顯示=第1讀音,維持（已是主讀音）,,ㄗˋ ㄏㄠˋ＝以特用的文字及阿拉伯數字所作的號碼。[例]公文字號、身分證字號 ‖ ㄗˋ ˙ㄏㄠ＝指商店或商店的名稱。[例]這家油行開了幾十年，稱得上是老字號了。
攢錢,ㄗㄢˇ ㄑㄧㄢˊ / ㄘㄨㄢˊ ㄑㄧㄢˊ,ㄗㄢˇ ㄑㄧㄢˊ,目前顯示=第1讀音,維持（已是主讀音）,,ㄗㄢˇ ㄑㄧㄢˊ＝集聚、積存錢財。[例]為了維持一家十口的生計，他日夜辛勤的攢錢。 ‖ ㄘㄨㄢˊ ㄑㄧㄢˊ＝湊集眾人所出的錢。[例]大家攢錢替他解決困難。
散光,ㄙㄢˇ ㄍㄨㄤ / ㄙㄢˋ ㄍㄨㄤ,ㄙㄢˋ ㄍㄨㄤ,目前顯示=第2讀音,改 ㄙㄢˇ ㄍㄨㄤ,視力散光；主讀音,ㄙㄢˇ ㄍㄨㄤ＝由於眼角膜形狀不規則或水晶體異常而造成的視力障礙。散光患者兩眼看到的影像無法合而為一，為使能看清物體，需常調整焦距，所以 ‖ ㄙㄢˋ ㄍㄨㄤ＝光線遇到不規則形狀的物體或空氣中的微點，而向四方擴散反射的現象。[例]利用散光的攝影技巧，可使相片裡的光線變得更柔和。
所長,ㄙㄨㄛˇ ㄔㄤˊ / ㄙㄨㄛˇ ㄓㄤˇ,ㄙㄨㄛˇ ㄔㄤˊ,目前顯示=第1讀音,維持（已是主讀音）,,ㄙㄨㄛˇ ㄔㄤˊ＝指某方面的優點或擅長的技能。[例]公司派小張接任這個職務，對他而言正是發揮所長的好機會。 ‖ ㄙㄨㄛˇ ㄓㄤˇ＝一所的負責人。如衛生所所長、研究所所長。
隨從,ㄙㄨㄟˊ ㄗㄨㄥˋ / ㄙㄨㄟˊ ㄘㄨㄥˊ,ㄙㄨㄟˊ ㄘㄨㄥˊ,目前顯示=第2讀音,改 ㄙㄨㄟˊ ㄗㄨㄥˋ,名詞用法；主讀音,ㄙㄨㄟˊ ㄗㄨㄥˋ＝跟隨的人。[例]古代的權貴出門總是帶著一群隨從。 ‖ ㄙㄨㄟˊ ㄘㄨㄥˊ＝跟隨、跟從。[例]我們隨從導遊，到處參觀。
孫子,ㄙㄨㄣ ㄗˇ / ㄙㄨㄣ ˙ㄗ,ㄙㄨㄣ ㄗˇ,目前顯示=第1讀音,維持（已是主讀音）,,ㄙㄨㄣ ㄗˇ＝1.人名。即孫武。春秋時齊國人，生卒年不詳，著有兵法，嘗為吳王闔閭練兵。 2.書名。春秋孫武撰，一卷，十三篇。為古代的兵 ‖ ㄙㄨㄣ ˙ㄗ＝稱謂：(1) 稱兒子的兒子，今亦稱女兒的兒子。[例]張奶奶時常帶著孫子到公園玩耍。 (2) 泛稱兒女的子女。[例]老壽星
哀樂,ㄞ ㄌㄜˋ / ㄞ ㄩㄝˋ,ㄞ ㄌㄜˋ,目前顯示=第1讀音,維持（已是主讀音）,,ㄞ ㄌㄜˋ＝悲傷與歡樂。[例]小說中人物的喜怒哀樂常常牽引著讀者的情緒。 ‖ ㄞ ㄩㄝˋ＝喪葬祭祀時所奏，用來表示哀傷的音樂。[例]杜鵑的叫聲，好似淒絕的哀樂。
一行,ㄧ ㄒㄧㄥˊ / ㄧ ㄏㄤˊ,ㄧ ㄒㄧㄥˊ,目前顯示=第1讀音,維持（已是主讀音）,,ㄧ ㄒㄧㄥˊ＝一群。多指同行或共事的人。[例]我們一行十人，將於明日起程到歐洲去旅遊。 ‖ ㄧ ㄏㄤˊ＝1.單一的行列。[例]這張圖片的旁邊有一行文字，用來說明圖片內容。 2.行業的一種或同一的行業。[例]做一行怨一行是現代
疑難,ㄧˊ ㄋㄢˋ / ㄧˊ ㄋㄢˊ,ㄧˊ ㄋㄢˊ,目前顯示=第2讀音,維持 ㄧˊ ㄋㄢˊ,疑難問題,ㄧˊ ㄋㄢˋ＝質疑責難。[例]瓜田納履，李下整冠，難免遭人疑難。 ‖ ㄧˊ ㄋㄢˊ＝有疑惑難以判斷或處理。[例]疑難問題
意思,ㄧˋ ˙ㄙ / ㄧˋ ㄙ,ㄧˋ ㄙ,目前顯示=第2讀音,改 ㄧˋ ˙ㄙ,「什麼意思」；主讀音,ㄧˋ ˙ㄙ＝1.意旨、意義。[例]這段文字的意思艱深，不容易了解。 2.情趣、趣味。[例]晚會冷場太多，沒什麼意思。 3.道義、交情 ‖ ㄧˋ ㄙ＝心意、想法。[例]仔細推敲對方的意思，似乎同意我們的看法。
應付,ㄧㄥ ㄈㄨˋ / ㄧㄥˋ ㄈㄨˋ,ㄧㄥ ㄈㄨˋ,目前顯示=第1讀音,維持（已是主讀音）,,ㄧㄥ ㄈㄨˋ＝應該支付、付給。[例]這批貨物的應付帳款為十萬元。 ‖ ㄧㄥˋ ㄈㄨˋ＝1.對事或人採取合宜的應對措施。[例]這個問題很棘手，他可能應付不來。 2.敷衍。[例]如果有人找經理，請小王先去應付一
外傳,ㄨㄞˋ ㄓㄨㄢˋ / ㄨㄞˋ ㄔㄨㄢˊ,ㄨㄞˋ ㄔㄨㄢˊ,目前顯示=第2讀音,維持 ㄨㄞˋ ㄔㄨㄢˊ,傳聞,ㄨㄞˋ ㄓㄨㄢˋ＝稱正史以外的記載。如《春秋外傳》、《韓詩外傳》、《漢武外傳》、《飛燕外傳》。 △別傳 ‖ ㄨㄞˋ ㄔㄨㄢˊ＝外面所傳聞。[例]外傳那名歌星已經結婚了。
完了,ㄨㄢˊ ㄌㄧㄠˇ / ㄨㄢˊ ˙ㄌㄜ,ㄨㄢˊ ˙ㄌㄜ,目前顯示=第2讀音,維持 ㄨㄢˊ ˙ㄌㄜ,口語,ㄨㄢˊ ㄌㄧㄠˇ＝完結、完畢。[例]待手邊這件案子完了，他就要飛往夏威夷度假。 ‖ ㄨㄢˊ ˙ㄌㄜ＝無法挽救、完蛋。[例]如果今天還不能交出稿子，我就完了。
萬難,ㄨㄢˋ ㄋㄢˊ / ㄨㄢˋ ㄋㄢˋ,ㄨㄢˋ ㄋㄢˊ,目前顯示=第1讀音,維持（已是主讀音）,,ㄨㄢˋ ㄋㄢˊ＝極難。[例]這件事困難重重，萬難成功。 ‖ ㄨㄢˋ ㄋㄢˋ＝各種困難。[例]多虧大家共同排除萬難，公司業務才得以繼續推展。
運氣,ㄩㄣˋ ㄑㄧˋ / ㄩㄣˋ ˙ㄑㄧ,ㄩㄣˋ ㄑㄧˋ,目前顯示=第1讀音,維持（已是主讀音）,,ㄩㄣˋ ㄑㄧˋ＝將全身的力氣運行聚集蓄勢待發。[例]據說他打坐運氣之後，力量可以大到將石頭捏碎的程度。 ‖ ㄩㄣˋ ˙ㄑㄧ＝氣數，僥倖或意料之外的遭遇。[例]他最近的運氣很差，家裡時常遭竊。
