詞目,簡編本注音一式,字型目前顯示,缺什麼
便溺,ㄅㄧㄢˋ ㄋㄧㄠˋ,ㄅㄧㄢˋ ㄋㄧˋ,溺:missing(font:ㄋㄧˋ)
屏營,ㄅㄧㄥ ㄧㄥˊ,ㄆㄧㄥˊ ㄧㄥˊ,屏:missing(font:ㄆㄧㄥˊ/ㄅㄧㄥˇ)
布疋,ㄅㄨˋ ㄆㄧˇ,ㄅㄨˋ ㄕㄨ,疋:missing(font:ㄕㄨ)
碰運氣,ㄆㄥˋ ㄩㄣˋ ˙ㄑㄧ,ㄆㄥˋ ㄩㄣˋ ㄑㄧˋ,氣:missing(font:ㄑㄧˋ)
氆氌,ㄆㄨˇ ㄌㄨˇ,ㄆㄨˇ ?,氌:font-has-no-zhuyin
沒出息,ㄇㄟˊ ㄔㄨ ˙ㄒㄧ,ㄇㄟˊ ㄔㄨ ㄒㄧˊ,息:missing(font:ㄒㄧˊ)
靡爛,ㄇㄧˊ ㄌㄢˋ,ㄇㄧˇ ㄌㄢˋ,靡:missing(font:ㄇㄧˇ)
俯首帖耳,ㄈㄨˇ ㄕㄡˇ ㄊㄧㄝ ㄦˇ,ㄈㄨˇ ㄕㄡˇ ㄊㄧㄝˇ ㄦˇ,帖:missing(font:ㄊㄧㄝˇ)
婦道人家,ㄈㄨˋ ㄉㄠˋ ㄖㄣˊ ˙ㄐㄧㄚ,ㄈㄨˋ ㄉㄠˋ ㄖㄣˊ ㄐㄧㄚ,家:missing(font:ㄐㄧㄚ/ㄍㄨ)
底下,ㄉㄧˇ ˙ㄒㄧㄚ,ㄉㄧˇ ㄒㄧㄚˋ,下:missing(font:ㄒㄧㄚˋ)
頂上功夫,ㄉㄧㄥˇ ㄕㄤˋ ㄍㄨㄥ ˙ㄈㄨ,ㄉㄧㄥˇ ㄕㄤˋ ㄍㄨㄥ ㄈㄨ,夫:missing(font:ㄈㄨ/ㄈㄨˊ)
嘟囔,ㄉㄨ ㄋㄤ,ㄉㄨ ˙ㄋㄤ,囔:missing(font:˙ㄋㄤ)
東家,ㄉㄨㄥ ˙ㄐㄧㄚ,ㄉㄨㄥ ㄐㄧㄚ,家:missing(font:ㄐㄧㄚ/ㄍㄨ)
談生意,ㄊㄢˊ ㄕㄥ ˙ㄧ,ㄊㄢˊ ㄕㄥ ㄧˋ,意:missing(font:ㄧˋ)
螳臂當車,ㄊㄤˊ ㄅㄧˋ ㄉㄤˇ ㄔㄜ,ㄊㄤˊ ㄅㄧˋ ㄉㄤ ㄔㄜ,當:missing(font:ㄉㄤ/ㄉㄤˋ)
圖窮匕見,ㄊㄨˊ ㄑㄩㄥˊ ㄅㄧˇ ㄒㄧㄢˋ,ㄊㄨˊ ㄑㄩㄥˊ ㄅㄧˇ ㄐㄧㄢˋ,見:missing(font:ㄐㄧㄢˋ)
拉生意,ㄌㄚ ㄕㄥ ˙ㄧ,ㄌㄚ ㄕㄥ ㄧˋ,意:missing(font:ㄧˋ)
老公公,ㄌㄠˇ ㄍㄨㄥ ˙ㄍㄨㄥ,ㄌㄠˇ ㄍㄨㄥ ㄍㄨㄥ,公:missing(font:ㄍㄨㄥ)
老人家,ㄌㄠˇ ㄖㄣˊ ˙ㄐㄧㄚ,ㄌㄠˇ ㄖㄣˊ ㄐㄧㄚ,家:missing(font:ㄐㄧㄚ/ㄍㄨ)
老字號,ㄌㄠˇ ㄗˋ ˙ㄏㄠ,ㄌㄠˇ ㄗˋ ㄏㄠˋ,號:missing(font:ㄏㄠˋ/ㄏㄠˊ)
各憑本事,ㄍㄜˋ ㄆㄧㄥˊ ㄅㄣˇ ˙ㄕ,ㄍㄜˋ ㄆㄧㄥˊ ㄅㄣˇ ㄕˋ,事:missing(font:ㄕˋ)
高䠷,ㄍㄠ ㄊㄧㄠˇ,ㄍㄠ ?,䠷:font-has-no-zhuyin
皋比,ㄍㄠ ㄆㄧˊ,ㄍㄠ ㄅㄧˇ,比:missing(font:ㄅㄧˇ/ㄅㄧˋ)
公公,ㄍㄨㄥ ˙ㄍㄨㄥ,ㄍㄨㄥ ㄍㄨㄥ,公:missing(font:ㄍㄨㄥ)
行當,ㄏㄤˊ ˙ㄉㄤ,ㄒㄧㄥˊ ㄉㄤ,當:missing(font:ㄉㄤ/ㄉㄤˋ)
嘩喇喇,ㄏㄨㄚ ㄌㄚ ㄌㄚ,ㄏㄨㄚˊ ㄌㄚˇ ㄌㄚˇ,喇:missing(font:ㄌㄚˇ); 喇:missing(font:ㄌㄚˇ)
吉羊,ㄐㄧˊ ㄒㄧㄤˊ,ㄐㄧˊ ㄧㄤˊ,羊:missing(font:ㄧㄤˊ)
下工夫,ㄒㄧㄚˋ ㄍㄨㄥ ˙ㄈㄨ,ㄒㄧㄚˋ ㄍㄨㄥ ㄈㄨ,夫:missing(font:ㄈㄨ/ㄈㄨˊ)
下功夫,ㄒㄧㄚˋ ㄍㄨㄥ ˙ㄈㄨ,ㄒㄧㄚˋ ㄍㄨㄥ ㄈㄨ,夫:missing(font:ㄈㄨ/ㄈㄨˊ)
小本生意,ㄒㄧㄠˇ ㄅㄣˇ ㄕㄥ ˙ㄧ,ㄒㄧㄠˇ ㄅㄣˇ ㄕㄥ ㄧˋ,意:missing(font:ㄧˋ)
箱底功夫,ㄒㄧㄤ ㄉㄧˇ ㄍㄨㄥ ˙ㄈㄨ,ㄒㄧㄤ ㄉㄧˇ ㄍㄨㄥ ㄈㄨ,夫:missing(font:ㄈㄨ/ㄈㄨˊ)
倘佯,ㄔㄤˊ ㄧㄤˊ,ㄊㄤˇ ㄧㄤˊ,倘:missing(font:ㄊㄤˇ)
出息,ㄔㄨ ˙ㄒㄧ,ㄔㄨ ㄒㄧˊ,息:missing(font:ㄒㄧˊ)
勢不可當,ㄕˋ ㄅㄨˋ ㄎㄜˇ ㄉㄤˇ,ㄕˋ ㄅㄨˋ ㄎㄜˇ ㄉㄤ,當:missing(font:ㄉㄤ/ㄉㄤˋ)
水磨工夫,ㄕㄨㄟˇ ㄇㄛˊ ㄍㄨㄥ ˙ㄈㄨ,ㄕㄨㄟˇ ㄇㄛˊ ㄍㄨㄥ ㄈㄨ,夫:missing(font:ㄈㄨ/ㄈㄨˊ)
銳不可當,ㄖㄨㄟˋ ㄅㄨˋ ㄎㄜˇ ㄉㄤˇ,ㄖㄨㄟˋ ㄅㄨˋ ㄎㄜˇ ㄉㄤ,當:missing(font:ㄉㄤ/ㄉㄤˋ)
做生意,ㄗㄨㄛˋ ㄕㄥ ˙ㄧ,ㄗㄨㄛˋ ㄕㄥ ㄧˋ,意:missing(font:ㄧˋ)
一盞茶工夫,ㄧ ㄓㄢˇ ㄔㄚˊ ㄍㄨㄥ ˙ㄈㄨ,ㄧ ㄓㄢˇ ㄔㄚˊ ㄍㄨㄥ ㄈㄨ,夫:missing(font:ㄈㄨ/ㄈㄨˊ)
郁郁青青,ㄩˋ ㄩˋ ㄐㄧㄥ ㄐㄧㄥ,ㄩˋ ㄩˋ ㄑㄧㄥ ㄑㄧㄥ,青:missing(font:ㄑㄧㄥ); 青:missing(font:ㄑㄧㄥ)
約莫,ㄩㄝ ˙ㄇㄛ,ㄩㄝ ㄇㄛˋ,莫:missing(font:ㄇㄛˋ)
姐姐,ㄐㄧㄝˇ ˙ㄐㄧㄝ,ㄐㄧㄝˇ ㄐㄧㄝˇ,姐:missing(font:ㄐㄧㄝˇ)
